"type","full_data"
"WHITE","1. Cuvee Trias 2020 Niedrist 0,75 lt. € 49,00"
"WHITE","2. Terlaner Sauvignon Porphyr&Kalk 2021 Niedrist 0,75 lt. € 49,00"
"WHITE","5. Pinot Grigio Vigna Kastel Ringberg 2022 Elena Walch 0,75 lt. € 49,00"
"WHITE","6. Flora Cuvee Bianco Riserva 2020 KG. Girlan 0,75 lt. € 49,00"
"WHITE","7. Pinot Bianco Platt & Riegl 2022 KG. Girlan 0,75 lt. € 35,00"
"WHITE","8. Fontanasanta Nosiola (Anfora) 2021 Foradori Bio 0,75 lt. € 55,00"
"WHITE","9. Furmint Dry Mandolas 2018 Oremus 0,75 lt. € 45,00"
"WHITE","11. Rkatsiteli (Anfora) 2022 Tsarapi 0,75 lt. € 65,00"
"WHITE","12. Lugana Le Crete 2023 Otella  0,75 lt. € 39,00"
"WHITE","13. Heritage Chilar (Anfora)2020 Zorah  0,75 lt. € 115,00"
"RED","20. Radici Taurasi Ris. 2016 Mastroberardino 0,75 lt. € 75,00"
"RED","21.	Vernatsch Gschleier Alte Reben 2021 KG. Girlan	0,75 lt.	€	45,00"
"RED","22. Primitivo ES 2022 Gianfranco Fino 0,75 lt. € 89,00"
"RED","23.	Pinot Noir Ris. 2019 Niedriest	0,75 lt.	€	65,00"
"RED","24. Fervore 2017 Terre di Balbia Bio 0,75 lt. € 45,00"
"RED","25. Pinot Noir Hausmannhof 2020 Haderburg Bio 0,75 lt. € 49,00"
"RED","26.	Cuvee Rot 2019 Baron Widmann	0,75 lt.	€	49,00"
"RED","27. Linticlarus Cuvee 2020 Tiefenbrunner 0,75 lt. € 76,00"
"RED","29. Merlot Brenntal 2020 Kellerei Kurtatsch  0,75 lt. € 75,00"
"RED","30. Syrah La Monaca 2020 Sallier de La Tour 0,75 lt. € 45,00"
"RED","31.	Pinot Noir 2020 Palliser	0,75 lt.	€	75,00"
"RED","32.  Valpolicella Ripasso Campi Magri 2019 Corte Sant Alda, Bio 0,75 lt. € 49,00"
"RED","33. Teroldego Sgarzon (Anfora) 2021 Foradori, Bio 0,75 lt. € 55,00"
"RED","34. Heritage Sireni (Anfora) 2019 Zorah      0,75 lt.                €      115,00"
"DESSERT","41.	Essenzia 2019 Pojer & Sandri	0,375 lt.	€	55,00"
"DESSERT","42. Recioto di Valpolicella Le Tordare 2012 Cà la Bionda 0,500 lt. € 55,00"
"DESSERT","43.	Banyuls Leon Parce 2019 Dom. de la Rectorie	0,500 lt.	€	55,00"
,"101. 	Arunda Brut	0,375 lt.	€	39,00"
,"100. Praeclarus Brut 0,75 lt. € 45,00"
,"102. Haderburg Pas Dosé  0,75 lt. € 65,00 / 12,00"
,"103. Haderburg Pas Dosé 1,50 lt. € 120,00"
,"104.  Hausmannhof Riserva Brut 2011 Haderburg 0,75 lt. € 95,00"
,"105. Valdobbiadene DOCG Extra Dry Coste Ponente Col Vetoraz 0,75 lt. € 39,00"
,"109.	Valdobbiadene DOCG Brut Fagher Le Colture	0,75 lt.	€	39,00"
,"106. Valdobbiadene DOCG Brut Millesimato Guia Foss Marai 0,75 lt. € 39,00 / 6,50"
,"107. Cartizze DOCG Dry Bortolin 0,75 lt. € 45,00"
,"108. Prosecco Rose Brut DOC Le Colture 0,75 lt. € 39,00"
,"111.  Franciacorta DOCG Extra Brut/ Brut Francesco I.,Uberti 0,75 lt. € 65,00"
,"112. Franciacorta DOCG Brut Saten, Bosio 0,75 lt. € 65,00 / 12,00"
,"113.  Franciacorta DOCG Extra Brut, Comari del Salem,Uberti 0,75 lt.  € 75,00"
,"114. Franciacorta DOCG Riserva Brut Annamaria Clementi 2015 Ca’ del Bosco 0,75 lt. € 215,00"
,"159. Cabochon Fuori Serie 023 Monterossa 0,75 lt. € 95,00 "
,"120. Perle Brut Millesimato 2017 Ferrari 0,75 lt. € 69,00 / 12,00"
,"121. Trento DOC Brut Riserva Methius 2017 Dorigati 0,75 lt. € 75,00"
,"122. Trento DOC Brut Riserva Methius 2017 Dorigati 1,50 lt. € 135,00"
,"124. Blauwal Riserva Extra Brut 2015 Cesconi 0,75 lt. € 75,00"
,"125. Trento DOC Giulio Ferrari Riserva Del Fondatore Brut 2008 Ferrari 0,75 lt. € 250,00"
,"99. Trento DOC Giulio Ferrari Riserva Del Fondatore Rose Brut 2006 Ferrari 0,75 lt. € 400,00"
,"127. Arunda Excellor Rose Brut 0,75 lt. € 65,00 "
,"128. Rose Brut Pojer & Sandri 0,75 lt. € 55,00"
,"110. Franciacorta Rose Brut Uberti 0,75 lt. € 65,00"
,"129.	Blanquette de Limoux Brut Tradition Antech 	0,75 lt.	€ 55,00 / 12,00"
,"130. Guy Larmandier Premier Cru Brut 0,375 lt. € 49,00"
,"160. Louis Roederer Brut Collection246  0,375 lt. € 65,00"
,"131. Louis Roederer Brut Collection 244 0,75 lt. € 115,00"
,"132. Louis Roederer Blanc de Blancs Brut 2016 0,75 lt. € 170,00"
,"133. Louis Roederer Philippe Starck Brut Nature Vintage 2015 0,75 lt. € 170,00"
,"198. Pierre Peters Blanc de Blancs Grand Cru Extra Brut 0,75 lt. € 150,00"
,"199. Deutz Classic Brut 0,75 lt. € 95,00"
,"151. Cuvee William Deutz Brut 2013 0,75 lt. € 325,00"
,"134. Bollinger Special Cuvee Brut 0,75 lt. € 115,00"
,"135.	Bollinger Special Cuvee Brut Magnum/Deutz Brut Classic Magnum	1,50 lt.	€	230,00"
,"137. Bollinger La Grande Annee Brut 2014 0,75 lt. € 240,00"
," Bollinger B 13 Brut 0,75 lt. € 210,00"
,"	Bollinger PN VZ 16 /AYC 18 Brut	0,75 lt.	€	180,00"
,"	Bollinger RD 2007/08 Extra Brut	0,75 lt.	€	450,00"
,"138. Pol Roger Brut  0,75 lt.  € 105,00 / 16,00 "
,"139. Teophile Rose Brut 0,75 lt. € 85,00 / 16,00"
,"140. Gosset Grand Rose Brut 0,75 lt. € 130,00"
,"157. Dom Perigon Rose Brut Vintage 2006 0,75 lt. € 600,00"
,"159. Laurent Perrier Cuvee Rose Brut 0,75 lt. € 140,00"
,"156. Jacquesson745/746 Extra Brut 0,75 lt. € 130,00"
,"164. V. C. P. La Grande Dame Rose Brut 2006  0,75 lt. € 450,00"
,"136.	Pol Roger Cuvee Sir Winston Churchill 2013/15	0,75 lt.	€	450,00"
,"142. Dom Perignon Cuvée Brut Vintage 2013 0,75 lt. € 450,00"
,"143. Dom Perignon Cuvée Brut P2 Vintage 2000 0,75 lt. € 750,00"
,"144. V. C. P. La Grande Dame Brut 2006 0,75 lt. € 300,00"
,"145.	Krug Grande Cuvée Brut	0,75 lt.	€	370,00"
,"163. Krug Vintage 2006 Brut 0,75 lt. € 600,00"
,"146. Roederer Cristal Brut Millesime  2000/2008 0,75 lt. € 450,00"
,"	Roederer Cristal Brut Millesime 2012 Magnum	1,5 lt.	€	1150,00"
,"147. Dom Ruinart Blanc de Blancs Brut Millesime 2007 0,75 lt. € 450,00"
,"148. Pol Roger Blanc de Blancs Brut Millesime 2015 0,75 lt. € 175,00"
,"196. Amor de Deutz Blanc de Blancs Brut Millesime 2011 0,75 lt. € 350,00"
,"149. Nicolas Feuillatte BdN Grand Cru Brut Millesime 2014 0,75 lt. € 105,00"
,"150.	Mailly Blanc de Noirs Brut	0,75 lt.	€	95,00"
,"152. Guy Larmandier Cramant Blanc de Blancs Grand Cru  1,50 lt. € 190,00"
,"153. Brut Jeroboam 3,00 lt. € 380,00"
,"154. Bruno Paillard Nec Plus Ultra 2002 Brut 0,75 lt. € 500,00"
,"155. Salon Cuvee S Blanc de Blancs Le Mesnil 2012 Brut 0,75 lt. € 1400,00"
,"200. Gewürztraminer Vigna Kolbenhof 2021 Hofstätter 1,5 lt. € 130,00"
,"202. Sauvignon Lafoa 2021 Schreckbichl-Colterenzio 1,5 lt. € 110,00"
,"203.	Sauvignon Voglar 2018 Dipoli 	1,5 lt.	€	95,00"
,"205. Terlaner Weissburgunder Vorberg 2020 KG.Terlan 1,5 lt.  € 110,00"
,"206. Vinschgauer Riesling 2021 Falkenstein, Pratzner 1,5 lt. € 95,00"
,"207. Vintage Tunina 2021 Jermann 1,5 lt. € 190,00"
,"208. Chardonnay Formigar 2010 Schreckbichl-Colterenzio 3,0 lt. € 250,00"
,"209. Chardonnay Lafoa 2020 Schreckbichl-Colterenzio 1,5 lt. € 110,00"
,"211. Cabernet Löwengang 2007 Alois Lageder 1,5 lt. € 250,00"
,"210. Cabernet Löwengang 2007 Alois Lageder 3,0 lt. € 500,00"
,"212. Cabernet Sauvignon Ris. Mumelter 2020 KG. Bozen 1,5 lt. € 125,00"
,"213. Cabernet Sauvignon Lafoa 2005 Schreckbichl-Colterenzio 1,5 lt. € 210,00"
,"214. Cabernet Sauvignon Lafoa 2005 Schreckbichl-Colterenzio 3,0 lt. € 400,00"
,"215.	Lagrein Riserva 2018 Abtei Muri	1,5 lt.	€	115,00"
,"216. Lagrein Riserva Prestige 2018 KG. Bozen 1,5 lt. € 115,00"
,"217. Lagrein Riserva Taber 2016 KG. Bozen 1,5 lt. € 150,00"
,"224. Lagrein Ris. Vigna Klosteranger 2014 Abtei Muri 1,5 lt. € 300,00"
,"218. Pinot Nero Schweitzer 2009 Franz Haas 1,5 lt. € 150,00"
,"219.	Pinot Nero Ris. Trattmann 2016 KG. Girlan	1,5 lt.	€	140,00"
,"220.	Pinot Nero Mazzon 2015 Gottardi	1,5 lt.	€	115,00"
,"221. 	Pinot Nero Ris. Hausmannhof 2015 Haderburg	1,5 lt.	€	159,00"
,"222.	Pinot Nero Ris. Vigna S.Urbano 2007/10 Hofstätter	1,5 lt.	€	215,00"
,"243.	Pinot Nero Ris.680 2015 Maso Thaler	1,5 lt.	€	119,00"
,"242.	Merlot Ris. Praun 2020 KG Bozen	1,5 lt.	€	115,00"
,"223. Kermesse 2014 Elena Walch 1,5 lt. € 170,00"
,"243. Cornelius Rosso 2016 Schreckbichl-Colterenzio  1,5 lt. € 120,00"
,"225. Granato 2003 Foradori 1,5 lt. € 129,00"
,"226. San Leonardo 2015 San Leonardo 1,5 lt. € 210,00"
,"227. Iugum 2011 Dipoli 3,0 lt. € 300,00"
," Iugum 2015 Dipoli 1,5 lt. € 150,00"
,"228. Cepparello 2001 Isole & Olena 1,5 lt. € 210,00"
,"229. Brunello di Montalcino 2015 Collosorbo 1,5 lt. € 130,00"
,"230. Brunello di Montalcino Riserva 2007 Capanna 1,5 lt. € 320,00"
,"231. Mormoreto 2012/15 Frescobaldi 1,5 lt. € 170,00"
,"245. Chianti Cl. Gran Selezione Rialzi 2015 Perano 1,5 lt. € 130,00"
,"232. Barolo Prapo 1997 Ceretto 1,5 lt. € 350,00"
,"233. Barolo Prapo 1996 Ceretto 3,0 lt. € 700,00"
,"234. Cor Römigberg 2015 Alois Lageder 1,5 lt. € 250,00"
,"235. Cor Römigberg 2003 Alois Lageder 3,0 lt. € 500,00"
,"236. Bricco dell’Uccellone 1997 Braida 3,0 lt. € 290,00"
,"237. Amarone della Valpolicella Ravazzol 2016 Ca la Bionda 1,5 lt. € 210,00"
,"199.  Amarone della Valpolicella 2012 Bertani 1,5 lt. € 285,00"
,"238.  Amarone della Valpolicella 2006 Bertani 3,0 lt. € 500,00"
,"239.	Cote Rotie 2010 Bonnefond	1,5 lt.	€	140,00"
,"240. Château Margaux 1991 1-er Grand Cru Classe 1,5 lt. € 2500,00"
,"241. Château Latour 1991 Pauillac Grand Cru Classe 3,0 lt. € 3200,00"
,"246. Château Latour 1991 Pauillac Grand Cru Classe 1,5 lt. € 1600,00"
"WHITE","401. Eisacktaler Sylvaner 2022 Kuenhof, Pliger 0,75 lt. € 45,00"
"WHITE","402. Eisacktaler Sylvaner Praepositus 2022 Abtei Neustift 0,75 lt. € 45,00"
"WHITE","403. Eisacktaler Sylvaner Alte Reben 2019 Pacherhof 0,75 lt. € 49,00"
"WHITE","404. Eisacktaler Sylvaner Lahner 2020 Taschlerhof 0,75 lt. € 49,00"
"WHITE","399. Eisacktaler Grüner Veltliner 2022 Hoandlhof, Nössing 0,75 lt. € 39,00"
"WHITE","398. Eisacktaler Veltliner 2022 Kuenhof, Pliger 0,75 lt. € 45,00"
"WHITE","397. Eisacktaler Grüner Veltliner 2019 Dorfmann 0,75 lt. € 49,00"
"WHITE","405. Eisacktaler Kerner 2022 Hoandlhof, Nössing                                            0,75 lt.             € 39,00/6,50"
"WHITE","406.  Eisacktaler Kerner Aristos 2022 Eisacktaler Kellerei 0,75 lt. € 45,00"
"WHITE","407. Gewürztraminer Selida 2023 KG Tramin 0,75 lt. € 39,00/6,50"
"WHITE","408. Eisacktaler Gewürztraminer 2022 Taschlerhof 0,75 lt. € 40,00"
"WHITE","409. Vigna Kolbenhof 2021 Hofstätter 0,75 lt. € 65,00"
"WHITE","410. Nußbaumer 2022 KG. Tramin 0,75 lt. € 60,00"
"WHITE","411.	Lyra 2022 KG. Nals-Margreid 	0,75 lt.	€	40,00"
"WHITE","412.	Vigna Kastelaz 2022 Elena Walch	0,75 lt.	€	60,00"
"WHITE","413. Argentum Bonum Kastelaz 2014 Elena Walch 0,75 lt. € 130,00"
"WHITE","462. Epokale 2015 Kellerei Tramin (Süss, Dolce,Sweet) 0,75 lt. € 250,00"
"WHITE","466. Pirschrait 2007 Weingut Hofstätter 0,75 lt. € 155,00"
"WHITE","53. Riesling 2021 Falkenstein, Pratzner 0,75 lt. € 45,00"
"WHITE","54. Riesling Kaiton 2021 Kuenhof, Pliger 0,75 lt. € 45,00"
"WHITE","56. Riesling Geieregg 2022 Himmelreichhof, Markus Fliri 0,75 lt. € 50,00"
"WHITE","57. Anadouron 2018 Falkenstein, Pratzner 0,75 lt. € 70,00"
"WHITE","414. Cora 2022 Schreckbichl-Colterenzio 0,75 lt. € 35,00 / 6,00"
"WHITE","415.	Moriz 2023 KG. Tramin	0,75 lt.	€	37,00"
"WHITE","98. Limes 2020 Niedrist 0,75 lt. € 55,00"
"WHITE","416. Riserva Kalkberg 2021 Kellerei St. Pauls 0,75 lt. € 39,00"
"WHITE","417. Riserva Vorberg 2021 Kellerei Terlan 0,75 lt. € 59,00"
"WHITE","418.	Riserva Sanctissimus 2016/18 KG. St. Pauls 	0,75 lt.	€	115,00"
"WHITE","419.	Pepi 2023 KG. Tramin	0,75 lt.	€ 39,00 / 6,50"
"WHITE","420. Turmhof 2022 Tiefenbrunner 0,75 lt. € 40,00"
"WHITE","421.	Voglar 2020 Dipoli	0,75 lt.	€	50,00"
"WHITE","422. St. Valentin 2022 KG. St. Michael 0,75 lt. € 55,00"
"WHITE","424. Lafoa 2022 Schreckbichl-Colterenzio 0,75 lt. € 55,00"
"WHITE","427. Vom Kalk 2020 Rohregger 0,75 lt. € 49,00"
"WHITE","425. Quarz 2021 Kellerei Terlan 0,75 lt. € 80,00"
"WHITE","426. Chardonnay Moraine 2021 Untermoserhof 0,75 lt. € 55,00 / 9,00"
"WHITE","428. Cardellino 2022 Elena Walch 0,75 lt. € 45,00"
"WHITE","429.	Lafoa 2021 Schreckbichl-Colterenzio	0,75 lt.	€	55,00"
"WHITE","430. Riserva Baron Salvadori 2019 KG.Nals 0,75 lt. € 59,00"
"WHITE","459. Riserva Vigna Crivelli 2021 Peter Zemmer 0,75 lt. € 67,00"
"WHITE","431. Löwengang 2020 Alois Lageder Bio 0,75 lt. € 100,00"
"WHITE","461. Somereto 2022 Kellerei Andrian 0,75 lt. € 30,00"
"WHITE","447.	Troy 2019 Kellerei Tramin	0,75 lt.	€	125,00"
"WHITE","400.  Riserva Kreuzweg 2019 Castelfeder 0,75 lt. € 140,00"
"WHITE","  Löwengang INEDITO II (2013-2021) Alois Lageder 0,75 lt. € 335,00"
"WHITE","432. Moscato Giallo 2023 Manincor Bio 0,75 lt. € 39,00"
"WHITE","436. Pinot Grigio 2022 Schreckbichl-Colterenzio                                            0,75 lt.              €35,00/6,00"
"WHITE","433.	St. Valentin 2020 KG.St. Michael	0,75 lt.	€	52,00"
"WHITE","457.	Riserva Vigna Giatl 2020 Peter Zemmer	0,75 lt.	€	50,00"
"WHITE","458. Porer 2022 Alois Lageder Bio 0,75 lt. € 45,00"
"WHITE","434. Puiten 2022 Schreckbichl-Colterenzio 0,75 lt. € 39,00"
"WHITE","435. Feldmarschall von Fenner 2019 Tiefenbrunner 0,75 lt. € 95,00"
"WHITE","437.	De Vite Bianco 2023 Hofstätter (PB, MT, SB, R)	0,75 lt.	€ 35,00 / 6,00"
"WHITE","438. Terlaner Klassisch 2023 Kellerei Terlan (PB,CH,SB) 0,75 lt. € 39,00"
"WHITE","439. Manna 2022 Franz Haas (R, K, SB, CH, GEW) 0,75 lt. € 50,00"
"WHITE","440. Sophie 2022 Manincor Bio (CH, SB) 0,75 lt. € 66,00"
"WHITE","441.	Stoan 2022 KG. Tramin (CH, SB, PB, GEW)	0,75 lt.	€	55,00"
"WHITE","442. Grande Cuvee Beyound the Clouds 2021  E. Walch (CH, PB, SB, GEW) 0,75 lt. € 99,00 "
"WHITE","423. Nova Domus 2021 Kellerei Terlan (CH, SB, PB) 0,75 lt. € 75,00"
"WHITE","443. Cason Weiss-Bianco 2020  Alois Lageder Bio (VIO, PG, CH) 0,75 lt. € 75,00"
"WHITE","444. LR 2018 Schreckbichl-Colterenzio (CH, PB, SB,) 0,75 lt. € 150,00"
"WHITE","445. Terlaner I. Grande Cuvee 2017/19 Kellerei Terlan (PB, CH, SB) 0,75 lt. € 350,00 "
"WHITE","446.	Appius 2016 KG. St. Michael (PB, CH, PG, SB)	0,75 lt.	€	350,00"
"WHITE","448. Amos 2019 Kellerei Kurtatsch (PB, CH, PG, SB) 0,75 lt. € 50,00"
"WHITE","456.	NAMA 2020 KG. Nals Margreid (CH, PB, SB)	0,75 lt.	€	180,00"
,"450. Luis Rosé 2022 Oberrauch 0,75 lt. € 45,00"
,"453.	La Rose 2023 Manincor Bio	0,75 lt.	€	45,00"
,"454. Lagrein Krätzer Spätgelesen 2023 Unterganzner 0,75 lt. € 45,00"
,"451.	Cuvee Rosé 448 2023 KG. Girlan	0,75 lt.	€ 29,00 / 5,00"
,"455. Rosé 20/26 2023 Elena Walch 0,75 lt. € 39,00"
,"460. Bardolino Chiaretto Nichesole 2023 Corte Gardoni 0,75 lt. € 29,00"
,"461. Ramato 2023 Attems 0,75 lt. € 29,00"
"RED","501. St. Magdalener Klassisch Hub 2022  Untermoserhof, Ramoser 0,75 lt. € 45,00"
"RED","498. St. Magdalener Klassisch Moar 2022 Bozen 0,75 lt. € 40,00"
"RED","502. St. Magdalener Klassisch ANTHEOS 2022 Waldgries 0,75 lt. € 46,00"
"RED","503. Kalterersee Per Se 2022 E. Walch 0,75 lt. € 35,00"
"RED","497. Kalterersee Vigna Der Keil 2023 Manincor Bio 0,75 lt. € 40,00"
"RED","500. Kalterersee Alte Reben 2019 Rohregger 0,75 lt. € 45,00"
"RED","504. Vernatsch Schickenburg 2022 Meran 0,75 lt. € 35,00"
"RED","505. Riserva Patricia 2022 KG. Girlan 0,75 lt. € 39,00 / 6,50"
"RED","507. Mazzon 2019 Gottardi 0,75 lt. € 50,00"
"RED","506. Riserva Lafoa 2020 Schreckbichl Colterenzio 0,75 lt. € 67,00/12,00"
"RED","508. Riserva Mazon 2019 Hofstätter 0,75 lt. € 69,00"
"RED","509. Blauburgunder 2021 Franz Haas  0,75 lt. € 51,00"
"RED","511. Pigeno 2019 Stroblhof 0,75 lt. € 48,00"
"RED","512. Ludwig 2019 E. Walch 0,75 lt. € 69,00"
"RED","513.	Riserva Trattman 2020 KG. Girlan	0,75 lt.	€	69,00"
"RED","499. Riserva Burgum Novum 2019 Castelfeder 0,75 lt. € 60,00"
"RED","514. Riserva Maglen 2021 KG. Tramin 0,75 lt. € 65,00"
"RED","515. Riserva Hausmannhof 2018 Haderburg 0,75 lt. € 80,00"
"RED","516. Riserva Vigna Kofl 2021 Zemmer 0,75 lt. € 75,00"
"RED","517. Blauburgunder Riserva 2019 Stroblhof 0,75 lt. € 68,00"
"RED","518. Mazzon Riserva 2015 Gottardi 0,75 lt. € 105,00"
"RED","519. Mason di Mason 2020 Manincor Bio 0,75 lt. € 125,00"
"RED","520. Riserva Villa Barthenau Vigna S. Urbano 2017 J. Hofstätter 0,75 lt. € 115,00"
"RED","521. Riserva Selection Bruno Gottardi 2010 Gottardi 0,75 lt. € 190,00"
"RED","522. Riserva Vigna Ganger 2012/16 KG. Girlan 0,75 lt. € 195,00"
"RED","523. Riserva Vigna Roccolo 2012/15/16 Hofstätter 0,75 lt. € 290,00"
"RED","565. Ponkler 2016 Franz Haas 0,75 lt. € 150,00"
"RED","571. Riserva Wildmonn 2020 Wildmonn  0,75 lt. € 115,00"
"RED","580. Riserva 680 2015 Maso Thaler  0,75 lt. € 65,00"
"RED","524.	Prestige Riserva 2020 KG. Bozen	0,75 lt.	€	49,00"
"RED","525.	Riserva Taber 2020 KG. Bozen	0,75 lt.	€	79,00"
"RED","526. Riserva Urban 2020 KG. Tramin 0,75 lt. € 65,00"
"RED","527. Riserva 2021 Untermoserhof, Ramoser 0,75 lt. € 55,00"
"RED","528. Riserva 2021 Abtei Muri  0,75 lt. € 65,00"
"RED","530.	Riserva Berger Gei 2020 Niedriest 	0,75 lt.	€	60,00"
"RED","531. Riserva Porphyr 2021 KG. Terlan  0,75 lt. € 89,00"
"RED","566. Riserva Furggl 2020 Peter Zemmer  0,75 lt. € 49,00"
"RED","567. Riserva Mirell 2019 Waldgries  0,75 lt. € 80,00"
"RED","568. Riserva 2020 Glögglhof  0,75 lt. € 60,00"
"RED","569. Riserva Klosteranger 2016 Abtei Muri  0,75 lt. € 135,00"
"RED","573. Riserva Roblinus 2017/18 Waldgries  0,75 lt. € 140,00"
"RED","574. Riserva Tor di Lupo 2021 Kellerei Andrian  0,75 lt. € 70,00"
"RED","532. Riserva Campaner 2021 KG. Kaltern 0,75 lt. € 39,00 / 6,50"
"RED","533. Riserva Mumelter 2018 KG. Bozen 0,75 lt. € 59,00"
"RED","534. Istrice 2021 E. Walch 0,75 lt. € 50,00"
"RED","535. Löwengang Vigneto Storico 2018 Alois Lageder Bio 0,75 lt. € 120,00"
"RED","536. Riserva Vigna Castel Ringberg 2018 Elena Walch 0,75 lt. € 70,00"
"RED","537.	Riserva Lafoa 2020 Schreckbichl-Colterenzio	0,75 lt.	€	117,00"
"RED","538. Riserva Freienfeld 2020 Kellerei Kurtatsch 0,75 lt. € 95,00"
"RED","500. Riserva Quintessenz 2020 KG. Kaltern 0,75 lt. € 67,00"
"RED","540. Fihl 2020 Dipoli 0,75 lt. € 42,00"
"RED","541. Riserva Vigna Kastelaz 2019 E. Walch 0,75 lt. € 75,00"
"RED","543. MM 2015 Alois Lageder, Bio 0,75 lt. € 80,00"
"RED","544. Riserva Praun 2020 KG. Bozen 0,75 lt. € 55,00"
"RED","545. Riserva Siebeneich 2021 Schreckbichl-Colterenzio 0,75 lt. € 49,00 "
"RED","546.	Riserva Lona 2019 KG. St. Pauls	0,75 lt.	€	99,00"
"RED","539. Riserva Gant 2021 KG. Andrian 0,75 lt. € 85,00"
"RED","531. Merlot 2022 Schreckbichl-Colterenzio 0,75 lt. € 35,00 / 6,00"
"RED","547. Il Conte 2022 Manincor Bio (L, M, CS) 0,75 lt. € 45,00/ 7,50"
"RED","542.	Lehm& Kies 2020 Untermoserhof, Ramoser (M,CF)	0,75 lt.	€	55,00"
"RED","548. Lacus 2020 W. Schullian (CF,M) 0,75 lt. € 85,00"
"RED","549. Cor Römigberg 2015 Alois Lageder Bio (CS, PV) 0,75 lt. € 89,00"
"RED","550.	Iugum 2018 Dipoli (M, CS)	0,75 lt.	€	75,00"
"RED","551. Grande Cuvee Kermesse 2020/21 E. Walch (CS, M, L, PV, SY) 0,75 lt. € 85,00"
"RED","552.	Loam 2019 KG. Tramin (CS, M)	0,75 lt.	€	75,00"
"RED","553. Frauenriegel 2019 Dipoli (M, CF) 0,75 lt. € 85,00"
"RED","554. Arzio 2020 Baron di Pauli (M, CS, CF) 0,75 lt. € 79,00"
"RED","555. Brenntal 2018 Dipoli (CF,M) 0,75 lt. € 115,00"
"RED","556. Cornelius Rosso 2020 Schreckbichl-Colterenzio (M, CS) 0,75 lt. € 65,00"
"RED","557. Anticus Riserva Baron Salvadori 2019 KG. Nals (M, CS) 0,75 lt. € 65,00"
"RED","558. Marzemino 2022 Simoncelli 0,75 lt. € 30,00"
"RED","559. Navesel 2020 Simoncelli (M, CF, CS) 0,75 lt. € 39,00"
"RED","560. Teroldego 2022 Foradori 0,75 lt. € 45,00"
"RED","561. Rosso Faye Vigneto Paradisot 2017 Pojer & Sandri (CS, CF, M, L) 0,75 lt. € 65,00"
"RED","562. San Leonardo 2015 San Leonardo (M, CS) 0,75 lt. € 105,00"
"RED","563. Granato 2019 Foradori (Teroldego) 0,75 lt. € 85,00"
"WHITE","564. Soave Classico Superiore Calvarino 2021 Pieropan Bio 0,75 lt. € 50,00"
"RED","601. Valpolicella Ca Fiui 2021 Corte Sant Alda Bio 0,75 lt. € 35,00"
"RED","602. Valpolicella Classico Ripasso 2020 Le Ragose 0,75 lt. € 41,00"
"RED","604. Amarone della Valpolicella 2012 Bertani 0,75 lt. € 139,00 "
"RED","605. Amarone della Valpolicella Valmezzane 2013   Corte Sant Alda Bio 0,75 lt. € 95,00 "
"RED","606. Amarone della Valpolicella Ravazzol 2018 Ca la Bionda 0,75 lt. € 105,00/17,50"
"RED","601. Mithas Valpolicella Superiore 2015 Corte Sant Alda Bio 0,75 lt. € 85,00"
"RED","607. Valpolicella Superiore 2016 Romano Dal Forno 0,75 lt. € 180,00"
"RED","608. Amarone della Valpolicella 2012/13 Romano Dal Forno 0,75 lt. € 450,00"
"RED","612. Amarone della Valpolicella 2012 Quintarelli 0,75 lt. € 450,00"
"RED","613. Rosso del Pepi 2010 Quintarelli (Co,Ro,CS,N) 0,75 lt. € 180,00"
"WHITE","609. Vintage Tunina 2018/21 Jermann (SB, CH, RG, MI, PIC) 0,75 lt. € 90,00"
"WHITE","610.	Chardonnay Gaia & Rey 2018 Gaja	0,75 lt.	€	330,00"
"RED","700. Barbera d’Alba Bricco del Pilone 2021 Benevelli 0,75 lt. € 39,00"
"RED","701. Barbera d’Alba 2021 Burlotto 0,75 lt. € 39,00"
"RED","703. Langhe Nebbiolo 2018 G.D. Vajra  0,75 lt. € 39,00"
"RED","705. Barbaresco 2015 Pio Cesare 0,75 lt. € 95,00"
"RED","706. Barbaresco Rabaja 2018 Bruno Rocca 0,75 lt. € 135,00"
"RED","707. Barbaresco Rabaja 2015 Giuseppe Cortese 0,75 lt. € 65,00"
"RED","708. Barbaresco Gaiun Martinenga 2010 Marchesi di Gresy 0,75 lt. € 125,00"
"RED","709. Barbaresco Riserva Camp Gros Martinenga 2014  Marchesi di Gresy 0,75 lt. € 180,00"
"RED","713. Barbaresco Martinenga 2015 Marchesi di Gresy 0,75 lt. € 75,00"
"RED","710. Barbaresco 2017/20 Gaja 0,75 lt. € 330,00"
"RED","697. Barbaresco Asili 2019 Ca del Bajo 0,75 lt. € 75,00"
"RED","711. Barolo 2019 Briccolina 0,75 lt. € 95,00"
"RED","712. Barolo 2018 Burlotto 0,75 lt. € 100,00"
"RED","715. Barolo Sori Ginestra 2010 Conterno Fantino 0,75 lt. € 145,00"
"RED","716. Barolo Ciabot Mentin Ginestra 2008 Domenico Clerico 0,75 lt. € 145,00"
"RED","717. Barolo Ornato 2015 Pio Cesare 0,75 lt. € 145,00"
"RED","718. Barolo 2016 Pio Cesare 0,75 lt. € 95,00"
"RED","699. Barolo Brunate 2016 Ceretto Bio 0,75 lt. € 205,00"
"RED","698. Barolo Castiglione 2019 Vietti Bio 0,75 lt. € 95,00 /17,00"
"RED","719. Barolo Cerequio 1998 Roberto Voerzio 0,75 lt. € 300,00"
"RED","720. Barolo Cannubi Boschis 1997 Sandrone 0,75 lt. € 350,00"
"RED","721. Barolo Ris. Monfortino 1993 Giacomo Conterno 0,75 lt. € 1800,00"
"RED","722. Monprá 2015 Conterno Fantino (NE, BA, CS) 0,75 lt. € 55,00"
"RED","724. Darmagi 1995 Gaja (CS) 0,75 lt. € 350,00"
"RED","801. Rosso di Montalcino 2019 Lisini 0,75 lt. € 45,00"
"RED","802. Brunello di Montalcino Riserva 2012 Capanna 0,75 lt. € 160,00"
"RED","803. Brunello di Montalcino 2018 Lisini  0,75 lt. € 75,00"
"RED","804. Brunello di Montalcino Riserva 2010 Costanti 0,75 lt. € 250,00"
"RED","805. Brunello di Montalcino Ugolaia 2013 Lisini 0,75 lt. € 125,00"
"RED","806. Brunello di Montalcino Il Greppo 2010 Biondi Santi 0,75 lt. € 350,00"
"RED","807. Brunello di Montalcino Riserva Il Greppo 2004 Biondi-Santi 0,75 lt. € 750,00"
"RED","808. Brunello di Montalcino 2018 Collosorbo 0,75 lt. € 70,00 / 12,00"
"RED","812. Brunello di Montalcino Riserva 2013 Piancornello 0,75 lt. € 105,00"
"RED","809. Montevertine 2019 Montevertine 0,75 lt. € 105,00"
"RED","810. Chianti Classico Riserva Berardenga 2018/19 Felsina 0,75 lt. € 55,00"
"RED","811. Chianti Rufina Riserva Vecchie Viti 2018 Frescobaldi 0,75 lt. € 45,00"
"RED","800. Chianti Classico Gran Selezione Rialzi 2019 Perano 0,75 lt.  € 69,00"
"RED","813. Morellino di Scansano Riserva 2019 Moris Farms  0,75 lt. € 55,00"
"RED","814. Vino Nobile di Montepulciano 2019 Poliziano 0,75 lt. € 49,00"
"RED","816. Syrah Collezione Privata 2015/18 Isole & Olena 0,75 lt. € 95,00"
"RED","817. Vigna L’Apparita 2004 Castello di Ama (M) X0,75 lt. € 250,00"
"RED","818.	Lamaione 2016 Frescobaldi (M)	0,75 lt.	€	92,00"
"RED","840.	Avvoltore 2018  Moris Farms (SG, CS, M, SY)	0,75 lt.	€	89,00"
"RED","845.	Lucente 2020 Frescobaldi (SG,M)	0,75 lt.	€	49,00"
"RED","842. Cabreo Il Borgo 2019 Cabreo (CS, CF, M,) 0,75 lt. € 75,00"
"RED","819. Le Serre Nuove 2020 Ornellaia (M, CS, PV, CF) 0,75 lt. € 85,00"
"RED","820. Magari 2015 Ca Marcanda, Gaja (M, CS) 0,75 lt. € 85,00"
"RED","821. Il Pino di Biserno 2021 Tenuta di Biserno (CF, M, CS, PV) 0,75 lt. € 85,00"
"RED","822. Fontalloro 2009 Felsina (SG) 0,75 lt. € 75,00"
"RED","823. Mormoreto 2015 Frescobaldi (CS, M, CF, PV) 0,75 lt. € 92,00"
"RED","824. Cepparello 2016 Isole & Olena (SG) 0,75 lt. € 150,00"
"RED","825. Masseto 2014 Tenuta Massetto (M) 0,75 lt. € 1005,00"
"RED","827. Le Pergole Torte 2019 Montevertine 0,75 lt. € 245,00"
"RED","828. Luce della Vite 2014 Frescobaldi (SG, M) 0,75 lt. € 165,00"
"RED","829. Tignanello 2021 Antinori (SG, CS, CF) 0,75 lt. € 215,00"
"RED","830. Vigna d’Alceo 2000 Castello dei Rampolla (CS) 0,75 lt. € 205,00"
"RED","831. Ornellaia 2009 Tenuta dell’Ornellaia (CS, M, CF, PV) 0,75 lt. € 380,00"
"RED","832. Sassicaia 2000 Tenuta San Guido (CS, CF) 0,75 lt. € 450,00"
"RED","838. Lodovico 2013 Tenuta di Biserno (CF, M, CS) 0,75 lt. € 700,00"
"RED","839. Biserno di Biserno 2021 Tenuta di Biserno (CF, M, CS, PV) 0,75 lt. € 250,00"
"RED","841. Lux Vitis 2018/19 Frescobaldi (CS, SG) 0,75 lt. € 250,00"
"RED","843. Cabernet Sauvignon Collezione Privata 2015 Isole & Olena 0,75 lt. € 150,00"
"RED","844. Opera Omnia 2015 La Madonnina (CS, CF) 0,75 lt. € 115,00"
"RED","833. Turriga 2017 Argiolas  (Cannonau, Carignano, Bobal, Malvasia Nera) 0,75 lt. € 120,00 "
"RED","900. Ghirada Cara Gonare Barbagia Rosso 2019 Teularju  (Cannonau, Carignano) 0,75 lt. € 95,00"
"WHITE","834. Chardonnay Contea di Sclafani Tenuta Regeleali 2021  Tasca d’Almerita 0,75 lt. € 75,00"
"RED","835. Tascante 2014 Tasca d’Almerita (Nerello M.) 0,75 lt. €  49,00"
"RED","836. Rosso del Conte 2016 Tasca d’Almerita 0,75 lt. € 65,00"
"RED","837. Cabernet Sauvignon Vigna S. Francesco  Tenuta Regeleali 2019 Tasca d’Almerita 0,75 lt. € 67,00 "
,"901. Riesling Trocken GG Hermannshöhle 2019 Dönnhof, Nahe 0,75 lt. € 130,00"
,"905. Riesling Graacher Domprobst Auslese 2006  Willy Schäfer, Mosel (lieblich, dolce, sweet) 0,75 lt. € 170,00"
,"906. Riesling Limestone 2020/21 Keller, Rheinhessen 0,75 lt. € 45,00"
,"907. Grüner Veltliner Smaragd Achleiten 2022 Jäger,  Wachau 0,75 lt. € 69,00"
,"908. Sauvignon Blanc Grassnitzberg 2018 Tement STMK Bio 0,75 lt. € 55,00"
,"911. Sauvignon Blanc Kapellenweingarten 2020 Sattlerhof STMK 0,75 lt. € 70,00"
,"909. Riesling Smaragd Achleiten 2016 Domaine Wachau 0,75 lt. € 65,00"
,"910. Riesling Smaragd Ried Loibenberg 2020 E. Knoll,Wachau 0,75 lt. € 95,00"
,"912. Riesling Smaragd Dürnsteiner Kellerberg 2021   F.X. Pichler Wachau 0,75 lt. € 150,00 "
,"913. Blaufränkisch Leithaberg 2018 Heinrich, Gols Bio 0,75 lt. € 59,00"
,"914. St. Laurent Grande Reserve 2000  Johanneshof, Reinisch, Tattendorf 0,75 lt. € 49,00"
,"915.	Marques de Caceres Reserva 2017 Marques de Caceres, Rioja	0,75 lt.	€	55,00"
,"920. Tinto Pesquera Reserva 2016/19 A. Fernandez, Ribera del Duero 0,75 lt. € 80,00"
,"916. Manoella Tinto 2021 Wine & Soul, Douro Cima Corgo (TN,TF,TR) 0,75 lt. € 45,00"
,"941. Chardonnay 2015 Gantenbein  0,75 lt. € 400,00"
,"942. Pinot Noir 2015 Gantenbein 0,75 lt. € 400,00"
,"917.	Kopàr 1999 Gere, Villàny (CF, M CS)	0,75 lt.	€	120,00"
,"918. Solus 2002 Gere, Villàny (M) 0,75 lt. € 120,00"
,"919. Merlot 2017 Casa Lapostolle 0,75 lt. € 39,00"
,"921. Malbec Riserva 2019 Altos Las Hormigas 0,75 lt. € 55,00"
,"922. Pinotage 2020 Aaldering 0,75 lt. € 75,00"
,"923. Shiraz Kalimna Bin 28 2020 Penfolds 0,75 lt. € 75,00"
,"924.	Sauvignon Blanc 2019 Palliser Estate	0,75 lt.	€	49,00"
,"996. Te Koko (SB) 2019/21 Cloudy Bay 0,75 lt. € 95,00"
,"997. Te Wahi (PN) 2016/19 Cloudy Bay 0,75 lt. € 125,00"
,"925. Viognier Yarden 2017 Golan Heights Winery 0,75 lt. € 39,00"
,"920. Pinot Noir Gamla 2019 Golan Heights Winery 0,75 lt. € 39,00"
,"928.	Cabernet S. Res. Knights Valley 2018 Beringer	0,75 lt.	€	90,00"
,"998. Ramnista (Xinomavro) 2015/19 Kir Yianni Naoussa  0,75 lt. € 55,00"
,"930. Chateau Musar Red 2016 Chateau Musar  (CS, Cinsault, Grenache) 0,75 lt. € 85,00"
,"999. Ao Yun 2014 Adong Yunnan (CS,CF) 0,75 lt. € 350,00"
,"931.	Riesling Grand Cru Henriette 2020 Mochel	0,75 lt.	€	59,00"
,"970. Riesling Estate 2019 Hugel                                                                              0,75 lt. € 59,00"
,"932. Gewürztraminer Grand Cru 2018  Mochel, (lieblich, dolce, sweet) 0,75 lt. € 59,00"
,"933. Pouilly Fume 2022 De Ladoucette  0,75 lt. € 65,00"
,"998. Baron de L 2019 De Ladoucette  0,75 lt. € 140,00"
,"934. Sancerre 1 er Cru Clos Du Roy 2022 Pascal Jolivet 0,75 lt. € 85,00"
,"935. Savennieres La Roche Aux Moines 2010 Dom. Aux Moines 0,75 lt. € 55,00"
,"936. Chablis Saint Pierre 2022 Dom. Albert Pic  0,75 lt. € 59,00"
,"993. Chablis 1er Cru Fourchaume 2022 Dom. Fevre  0,75 lt. € 75,00"
,"937. Macon Verze 2021 Dom. Leflaive Bio 0,75 lt. € 77,00"
,"946. Corton Charlemagne 2017 Louis Latour 0,75 lt. € 320,00"
,"939. Chassagne-Montrachet 1-er Cru Morgeot 2017  Dom. Vincent Girardin 0,75 lt. € 225,00"
,"940.	Montrachet Grand Cru 2010/15 Dom. J. Prieur	0,75 lt.	€	1600,00"
,"929. Bourgogne Blanc Les Setilles 2020 O. Leflaive Bio 0,75 lt. € 85,00"
,"959. Arbois Blanc 2016 Dom. Du Pelican (CH) 0,75 lt. € 69,00"
,"944. Morgon 2018 Ch.des Jacques 0,75 lt. € 45,00"
,"945. Gevrey-Chambertin Vielle Vignes 2020 Rossignol - Trapet 0,75 lt. € 115,00"
,"943.	Gevrey-Chambertin Vielle Vignes 2018/20 Dom. Laurent	0,75 lt.	€	150,00"
,"948. Corton Languettes 1989 Dom. Voarick 0,75 lt. € 150,00"
,"949. Nuits-Saint-Georges Les Fleurieres 2018 Dom J. J. Confuron 0,75 lt. € 125,00"
,"950. Fixin 2019 Dom. Meo Camuzet 0,75 lt. € 125,00"
,"992. Nuits-Saint-Georges 1-er Cru Les Cras 2015   Dom. du Comte Liger Belair 0,75 lt. € 2500,00"
,"991. Vosne-Romanee 2019 Dom. du Comte Liger Belair 0,75 lt. € 1200,00"
,"993.	Vosne-Romanee Vielles Vignes 2002 Dom. Bizot	0,75 lt.	€	1500,00"
,"952. Clos de la Roche Grand Cru 1990 Dom. Armand Rousseau 0,75 lt. € 2500,00"
,"994. Clos de la Roche Grand Cru 2015 Dom. Jadot 0,75 lt. € 450,00"
,"953. Beaune 1-er Cru Vignes de L`Enfant Jesus 2012  Dom. Bouchard Père et Fils 0,75 lt. € 210,00"
,"954. Volnay 1-er Cru Le Fremiets 2010 Dom. D Angerville 0,75 lt. € 210,00"
,"955. Volnay 1-er Cru Clos des Ducks 2010 Dom. D Angerville  0,75 lt. € 550,00"
,"956. Clos-Vougeot Grand Cru Château de la Tour  Vielles Vignes 2006 J. Labet & N. Dechelette 0,75 lt. € 400,00"
,"995. Santenay 1-er Cru Le Beuregard 2017/20 V. Girardin 0,75 lt. € 105,00"
,"965. Clos Floridene Blanc 2017 Graves Denis Dubourdieu (SB,SEM,M)  0,75 lt. € 55,00"
,"966.  Le Petit Château Smith Haut Lafitte Blanc 2019 (SB,SEM,) Pessac L. 0,75 lt. € 90,00"
,"982. Château Smith Haut Lafitte Blanc 2020 Pessac L.(SB,SEM)  0,75 lt. € 350,00"
,"967. Château Batalley 2007 Pauillac Grand Cru Classe Magnum 1,50 lt. € 250,00 "
,"968. Château Margaux 1991 Margaux Grand Cru Classe Magnum 1,50 lt. € 2500,00"
,"971. Château Le Boscq 2020 St. Estephe Cru Bourgeois Superieur 0,75 lt.  € 80,00"
,"972. Château Pojeaux 2015 Moulis Cru Bourgeois 0,75 lt.  € 89,00"
,"973. Château Brane Cantenac 2018 Margaux Grand Cru Classe 0,75 lt. € 175,00"
,"973. Château Cantenac Brown 2018 Margaux Grand Cru Classe 0,75 lt. € 175,00"
,"974. Château Palmer 2006/2007 Margaux 0,75 lt. € 450,00"
,"975. Château de Pez 2016  St. Estephe Cru Bourgeois Exceptionelle 0,75 lt. € 85,00"
,"977. Château Phelan Segur 2016 St. Estephe 0,75 lt. € 160,00"
,"976. Château Talbot 2016 St. Julien 0,75 lt. € 185,00"
,"983. Essence de Dourthe 2015  0,75 lt. € 260,00"
,"984. Château Lafon Rochet 2015 St. Estephe Grand Cru Classe 0,75 lt. € 125,00"
,"985. Château La Pointe 2016 Pomerol 0,75 lt. € 135,00"
,"986. Château Chasse Spleen 2019 Moulis Cru Bour. Exceptionelle 0,75 lt. € 105,00"
,"987. Château Pichon- Longueville au Baron 2018 Pauillac 0,75 lt. € 360,00"
,"969. Château Grand Corbin Despagne 2015/16 St Emilion Grand Cru Classe 0,75 lt. € 105,00"
,"979. Château Ampeleia 2016 Castillon Cotes de BDX 0,75 lt. € 50,00"
,"990. Château Haut Brion 1989 Pessac Leognan Grand Cru Classe 0,75 lt. € 3000,00"
,"978. Cote Rotie La Turque 1992 E. Guigal 0,75 lt. € 500,00"
,"978. Cote Rotie La Mouline 1992 E. Guigal 0,75 lt. € 500,00"
,"980. Cote-Rotie Les Rochaines 2004/05 Bonnefond 0,75 lt. € 69,00"
,"980. Cote-Rotie 2000 Bonserine 0,75 lt. € 69,00"
,"981. Chateauneuf du Pape Rouge 2019 Ch. le Nerthe 0,75 lt. € 120,00"
,"988. Chateauneuf du Pape Rouge Tradition 2018/21  Domaine de La Solitude 0,75 lt. € 75,00"
,"982.	Chateau Montus Cuvee Prestige 1996 Alain Brumont	0,75 lt.	€	49,00"
,"957. Marsala Superiore Riserva Oro Dolce  Bip Benjamin 2013 Pellegrino 0,75 lt. € 45,00 / 8,00"
," Marsala Superiore Rubino Dolce Uncle Joseph 2015 Pellegrino 0,75 lt. € 45,00 / 8,00"
,"958. Almacenista Fino del Puerto Jose Luis Gonzalez Obregon Solera Sherry Emilio Lustau 0,50 lt. € 45,00 / 8,00"
,"958.	Alvear Medium Dry Montilla Morilles	0,75 lt.	€ 45,00 / 8,00"
,"920. Madeira Bual 5 Years Old Cossart Gordon 0,50 lt. € 45,00 / 8,00"
,"960. Late Bottled Vintage 2018 Ramos Pinto 0,75 lt. € 55,00"
,"961. Vintage Port 1997 Quinta De La Rosa 0,75 lt. € 95,00"
," 10 Years Ramos Pinto Quinta De Ervamoira                                             0,75 lt. € 95,00"
,"962. Porto Colheita 1987 Niepoort 0,75 lt. € 95,00"
,"963.	Porto Ruby Ramos Pinto	0,75 lt.	€ 45,00 / 8,00"
,"964.	Manoella White Port 10 Years Wine & Soul	0,75 lt.	€ 65,00"
,"964.	Porto Vintage 2015  Wine & Soul	0,75 lt.	€ 200,00"
,"1000. Riesling Spätlese 2015 Taschlerhof 0,375 lt. € 55,00"
,"1001. Vinalia Goldmuskateller 2019 KG. Bozen 0,375 lt. € 65,00"
,"1003. Rosenmuskateller Moscato Rosa 2023 Franz Haas 0,5 lt. € 60,00"
,"1004. Roen 2019 KG. Tramin 0,375 lt. € 55,00 / 12,50"
,"1005. Gewürztraminer Terminum 2005 KG. Tramin 0,375 lt. € 90,00"
,"1012.	Passithea Oro 2019 KG. Girlan	0,375 lt.	€	60,00"
,"1006. Serenade Passito Quintessenz 2015 Kellerei Kaltern 0,375 lt. € 65,00"
,"1007.	Kerner Praepositus Passito 2020 Abtei Neustift	0,375 lt.	€	55,00"
,"1014. Cantus 2017 KG. Schreckbichl 0,375 lt. € 55,00"
,"1008. Merlino 07/93 Pojer & Sandri 0,500 lt. € 45,00 / 12,50"
,"1009. Vin Santo 2007 Isole & Olena 0,375 lt. € 65,00"
,"1011. Moscato D’Asti 2022 Saracco 0,750 lt. € 39,00 / 7,00"
,"1013.	Passito di Pantelleria Naturale NES 2017 Pellegrino	0,500 lt.	€ 72,00 / 12,50"
,"1110. Château Guiraud 2005 Sauternes Grand Cru Classe 0,375 lt. € 65,00"
,"1111. Château Rieussec 2005 Sauternes Grand Cru Classe 0,375 lt. € 79,00"
,"1216. Château Filhot 2013 Sauternes 0,375 lt. € 45,00"
,"1112. Château Farluret 2015 Sauternes 0,750 lt. € 45,00/ 12,50"
,"1201. Tokaji Aszu 6 Puttonyos 1995 Disznokö 0,500 lt. € 150,00"
,"1202. Tokaji Aszu 6 Puttonyos 1993 Gia 0,500 lt. € 79,00"
,"1203. Tokaji Aszu 6 Puttonyos 1999/2002 Oremus 0,500 lt. € 165,00"
,"1204. Tokaji Aszu 3 Puttonyos 2013 Oremus 0,500 lt. € 75,00/ 12,50"
,"1205. Tokaji Aszu 5 Puttonyos 2006 Oremus 0,500 lt. € 90,00"
,"1206. Tokaji Aszu 6 Puttonyos 1996 Szepsy 0,500 lt. € 350,00"
,"1206. Tokaji Aszu 6 Puttonyos 2008 Szepsy 0,500 lt. € 350,00"
,"1207. Tokaji Esszencia 2000 Disznokö 0,375 lt.  € 599,00"
,"1217.	Tokaji Szamorodni 2013 Szepsy	0,500 lt.	€	150,00"
,"1208. Beerenauslese Cuvee 2017 Kracher 0,375 lt. € 49,00 / 12,50"
,"1209. Ruster Ausbruch Essenz 2004 Feiler-Artinger 0,375 lt. € 61,50"
,"1210. Muskat Ottonel TBA 1998 Velich 0,375 lt. € 59,00"
,"1211. Eiswein 2020 Kracher 0,375 lt. € 79,00"
,"1212. Riesling Eiswein 2001 P.J.Kühn, Rheingau 0,375 lt. € 111,00"
,"905. Riesling Auslese Graacher Domprobst 2006  Willy Schäfer, Mosel 0,750 lt. € 170,00 "
,"1214. Don Zolio Pedro Ximenez Very Sweet Sherry Dolce,  Williams & Humbert Jerez 0,750 lt. € 45,00 / 8,00"
,"1215. Dulce Monastrel 1996 Olivares Jumilla 0,750 lt. € 65,00"
,"Steinbock Sparkling ZERO Hofstätter 0,75 lt. € 35,00"
,"Steinbock Riesling ZERO Hofstätter 0,75 lt. € 35,00"
